2014-09-01,tm,190,60,49300,45,668
2014-09-01,,183,23,789000,474,328
2014-09-01,,62,5,49300,37,64
2014-09-01,,62,5,49300,37,64
2014-09-01,,78,5,53300,228,52
2014-09-01,,49,0,67700,279,47
2014-09-01,,39,0,36900,217,45
2014-09-01,,39,0,36900,217,45
2014-09-01,,39,0,36900,217,45
2014-09-01,,22,3,31900,137,39
2014-09-01,,49,6,27300,301,36
2014-09-01,,49,6,27300,301,36
2014-09-01,,49,6,27300,301,36
2014-09-01,pvs-studio,72,5,27300,78,35
2014-09-01,pvs-studio,72,5,27300,78,35
2014-09-01,eset,46,6,49300,28,33
2014-09-01,,52,14,22100,18,31
2014-09-01,,1,9,4200,3,30
2014-09-01,,1,9,4200,3,30
2014-09-01,,17,0,4800,34,25
2014-09-01,centosadmin,38,4,35300,359,20
2014-09-01,centosadmin,38,4,35300,359,20
2014-09-01,,19,2,31700,212,19
2014-09-01,,19,2,31700,212,19
2014-09-01,,13,4,13400,93,18
2014-09-01,,5,37,2200,8,17
2014-09-01,astoundcommerce,10,9,8200,35,15
2014-09-01,astoundcommerce,10,9,8200,35,15
2014-09-01,,17,4,10600,83,14
2014-09-01,,17,4,10600,83,14
2014-09-01,,17,4,10600,83,14
2014-09-01,,7,6,20700,86,13
2014-09-01,,7,6,20700,86,13
2014-09-01,,14,13,5600,17,13
2014-09-01,,28,9,10400,112,12
2014-09-01,,28,9,10400,112,12
2014-09-01,,14,0,15900,124,11
2014-09-01,,14,0,15900,124,11
2014-09-01,,14,0,15900,124,11
2014-09-01,,16,1,16500,52,11
2014-09-01,web_payment_ru,39,4,26000,65,10
2014-09-01,,14,4,8800,109,9
2014-09-01,,14,4,8800,109,9
2014-09-01,,14,4,8800,109,9
2014-09-01,,49,3,28300,405,7
2014-09-01,,49,3,28300,405,7
2014-09-01,,49,3,28300,405,7
2014-09-01,,28,2,8100,73,7
2014-09-01,,28,2,8100,73,7
2014-09-01,,28,2,8100,73,7
2014-09-01,ruward,15,6,2400,19,7
2014-09-01,,21,10,16200,144,6
2014-09-01,,21,10,16200,144,6
2014-09-01,,6,10,9200,27,6
2014-09-01,,6,10,9200,27,6
2014-09-01,,7,4,9400,68,5
2014-09-01,,25,1,8100,146,4
2014-09-01,,25,1,8100,146,4
2014-09-01,,2,4,4000,38,4
2014-09-01,,2,4,4000,38,4
2014-09-01,,2,4,4000,38,4
2014-09-01,paysto,17,8,4900,95,3
2014-09-01,,3,1,12200,15,2
2014-09-01,,10,15,4200,13,2
2014-09-01,,10,15,4200,13,2
2014-09-01,,10,15,4200,13,2
2014-09-02,celecom,65,26,123000,80,179
2014-09-02,,41,9,39500,148,105
2014-09-02,,70,7,66500,66,97
2014-09-02,,40,9,40000,321,93
2014-09-02,,40,9,40000,321,93
2014-09-02,,59,17,12300,82,76
2014-09-02,,78,0,45300,130,59
2014-09-02,,63,51,50400,101,53
2014-09-02,,18,1,6500,76,49
2014-09-02,,18,1,6500,76,49
2014-09-02,,44,1,28600,70,45
2014-09-02,,111,12,72900,182,44
2014-09-02,piter,24,12,20900,53,40
2014-09-02,piter,24,12,20900,53,40
2014-09-02,,53,3,5600,30,35
2014-09-02,audiomania,84,2,50100,334,31
2014-09-02,audiomania,84,2,50100,334,31
2014-09-02,,59,0,21600,116,30
2014-09-02,,12,2,7000,45,30
2014-09-02,,21,4,33200,265,29
2014-09-02,inline_tech,15,3,11100,46,28
2014-09-02,inline_tech,15,3,11100,46,28
2014-09-02,shopozzcom,20,2,19300,104,26
2014-09-02,,76,1,35000,239,22
2014-09-02,,76,1,35000,239,22
2014-09-02,,18,14,6600,61,20
2014-09-02,,18,14,6600,61,20
2014-09-02,,26,3,43700,377,15
2014-09-02,,26,3,43700,377,15
2014-09-02,,26,3,43700,377,15
2014-09-02,,37,1,20300,152,15
2014-09-02,,37,1,20300,152,15
2014-09-02,,37,1,20300,152,15
2014-09-02,,10,7,16400,112,14
2014-09-02,,10,7,16400,112,14
2014-09-02,,10,7,16400,112,14
2014-09-02,,17,13,10800,25,12
2014-09-02,,19,26,8500,38,11
2014-09-02,,19,26,8500,38,11
2014-09-02,,19,26,8500,38,11
2014-09-02,,14,2,9900,83,10
2014-09-02,,14,2,9900,83,10
2014-09-02,,3,24,2300,4,10
2014-09-02,,12,7,14500,79,9
2014-09-02,,55,7,7900,90,8
2014-09-02,,21,0,10000,64,7
2014-09-02,cybersafe,7,0,2900,16,5
2014-09-02,microsoft,37,6,18600,121,4
2014-09-02,dsec,23,1,6400,40,4
2014-09-02,jetinfosystems,14,1,8400,33,4
2014-09-02,mailru,36,2,4500,10,4
2014-09-02,mailru,36,2,4500,10,4
2014-09-02,spbau,27,3,13600,106,3
2014-09-02,intel,16,4,5500,67,2
2014-09-02,intel,16,4,5500,67,2
2014-09-02,epson,13,1,4200,20,2
2014-09-02,,2,10,2300,13,2
2014-09-02,,11,4,1000,7,2
2014-09-02,nanosoft,17,2,3900,19,1
2014-09-02,nanosoft,17,2,3900,19,1
2014-09-02,microsoft,16,5,10100,95,0
2014-09-02,microsoft,16,5,10100,95,0
2014-09-02,veeam,15,2,4400,20,0
2014-09-02,veeam,15,2,4400,20,0
2014-09-02,,5,1,2500,19,0
2014-09-03,megafon,144,3,103000,145,103
2014-09-03,,37,10,28000,56,92
2014-09-03,,37,10,28000,56,92
2014-09-03,,44,10,46400,32,91
2014-09-03,,81,2,56100,156,89
2014-09-03,,45,5,22500,142,65
2014-09-03,yandex,77,10,41300,394,54
2014-09-03,yandex,77,10,41300,394,54
2014-09-03,,61,11,34200,169,52
2014-09-03,,61,11,34200,169,52
2014-09-03,,116,1,31000,102,52
2014-09-03,,54,5,74000,667,46
2014-09-03,,54,5,74000,667,46
2014-09-03,,54,5,74000,667,46
2014-09-03,,30,13,20200,20,42
2014-09-03,,8,6,10700,42,36
2014-09-03,,8,6,10700,42,36
2014-09-03,,8,6,10700,42,36
2014-09-03,,21,4,25300,231,32
2014-09-03,,21,4,25300,231,32
2014-09-03,,21,4,25300,231,32
2014-09-03,,55,0,26500,112,32
2014-09-03,,55,0,26500,112,32
2014-09-03,orbios,10,17,3700,14,25
2014-09-03,poiskvps,13,6,7300,80,21
2014-09-03,poiskvps,13,6,7300,80,21
2014-09-03,,58,19,37700,67,21
2014-09-03,,58,19,37700,67,21
2014-09-03,eset,26,7,25400,21,21
2014-09-03,mailru,63,11,20300,95,19
2014-09-03,visual-science,48,3,9300,129,18
2014-09-03,,21,4,7800,9,18
2014-09-03,,58,3,26500,480,17
2014-09-03,,58,3,26500,480,17
2014-09-03,,58,3,26500,480,17
2014-09-03,,9,6,8000,33,17
2014-09-03,,9,6,8000,33,17
2014-09-03,,45,6,25700,116,16
2014-09-03,,45,6,25700,116,16
2014-09-03,,45,6,25700,116,16
2014-09-03,,28,8,17700,52,16
2014-09-03,,28,8,17700,52,16
2014-09-03,,23,8,12600,196,15
2014-09-03,,23,8,12600,196,15
2014-09-03,,32,7,20700,51,15
2014-09-03,,11,3,48900,167,13
2014-09-03,,11,3,48900,167,13
2014-09-03,,3,7,7400,25,13
2014-09-03,,3,7,7400,25,13
2014-09-03,,20,4,18200,68,12
2014-09-03,,20,4,18200,68,12
2014-09-03,,47,0,18900,57,11
2014-09-03,,47,0,18900,57,11
2014-09-03,,47,0,18900,57,11
2014-09-03,,45,2,30800,308,10
2014-09-03,,45,2,30800,308,10
2014-09-03,,5,3,8800,10,10
2014-09-03,,30,2,22200,101,9
2014-09-03,,30,2,22200,101,9
2014-09-03,,30,2,22200,101,9
2014-09-03,smestanamesto,17,1,12900,46,9
2014-09-03,,21,4,26200,124,6
2014-09-03,,21,4,26200,124,6
2014-09-03,,21,4,26200,124,6
2014-09-03,,19,6,8500,120,6
2014-09-03,lpcloud,15,22,8400,50,6
2014-09-03,lpcloud,15,22,8400,50,6
2014-09-03,,10,11,3100,13,6
2014-09-03,microsoft,27,2,5500,20,5
2014-09-03,microsoft,28,7,18900,182,3
2014-09-03,microsoft,28,7,18900,182,3
2014-09-03,,21,1,8500,32,3
2014-09-03,,21,1,8500,32,3
2014-09-03,,21,1,8500,32,3
2014-09-03,kamagames,12,4,4600,32,3
2014-09-03,kamagames,12,4,4600,32,3
2014-09-03,,6,4,5800,10,3
2014-09-03,masterup,17,8,7600,171,2
2014-09-03,masterup,17,8,7600,171,2
2014-09-03,,11,3,4200,32,2
2014-09-03,,10,18,2200,7,1
2014-09-03,,10,18,2200,7,1
2014-09-03,mediagrus,13,6,3300,10,0
2014-09-03,mediagrus,13,6,3300,10,0
2014-09-03,,1,15,542,6,0
2014-09-03,,1,15,542,6,0
2014-09-03,,2,5,952,2,0
2014-09-04,,26,3,12500,66,234
2014-09-04,,80,3,31700,99,91
2014-09-04,,80,3,31700,99,91
2014-09-04,,80,3,31700,99,91
2014-09-04,ua-hosting,75,15,68200,220,76
2014-09-04,,23,2,12700,116,59
2014-09-04,,23,2,12700,116,59
2014-09-04,,31,4,137000,527,55
2014-09-04,,31,4,137000,527,55
2014-09-04,google,15,9,10100,44,42
2014-09-04,,21,3,6600,62,32
2014-09-04,,21,3,6600,62,32
2014-09-04,beeline,61,3,37600,63,29
2014-09-04,beeline,61,3,37600,63,29
2014-09-04,croc,104,3,51600,265,28
2014-09-04,croc,104,3,51600,265,28
2014-09-04,,44,6,21500,9,28
2014-09-04,,22,2,22400,159,25
2014-09-04,,22,2,22400,159,25
2014-09-04,,22,2,22400,159,25
2014-09-04,piter,38,12,35200,115,22
2014-09-04,,30,8,10600,61,19
2014-09-04,,21,2,14400,154,18
2014-09-04,,21,2,14400,154,18
2014-09-04,,21,2,14400,154,18
2014-09-04,haulmont,27,4,28000,180,17
2014-09-04,haulmont,27,4,28000,180,17
2014-09-04,,27,6,45400,317,16
2014-09-04,,27,6,45400,317,16
2014-09-04,,13,1,15300,140,13
2014-09-04,,13,1,15300,140,13
2014-09-04,,58,14,7100,22,12
2014-09-04,,6,3,7100,42,10
2014-09-04,,6,3,7100,42,10
2014-09-04,,14,10,7700,47,9
2014-09-04,,14,10,7700,47,9
2014-09-04,,14,10,7700,47,9
2014-09-04,,3,1,1400,2,7
2014-09-04,htdt,12,9,13100,101,5
2014-09-04,,11,1,2100,40,4
2014-09-04,,11,1,2100,40,4
2014-09-04,,11,1,2100,40,4
2014-09-04,,6,4,1900,3,3
2014-09-04,,6,4,1900,3,3
2014-09-04,,2,4,2200,7,2
2014-09-04,,2,4,2200,7,2
2014-09-04,infobox,4,2,5700,32,1
2014-09-04,infobox,4,2,5700,32,1
2014-09-04,,5,4,2500,29,0
2014-09-04,astoundcommerce,7,7,2200,20,0
2014-09-04,astoundcommerce,7,7,2200,20,0
2014-09-05,,98,68,451000,838,118
2014-09-05,,64,1,60600,321,91
2014-09-05,,64,1,60600,321,91
2014-09-05,,64,1,60600,321,91
2014-09-05,,121,19,174000,194,89
2014-09-05,,121,19,174000,194,89
2014-09-05,,39,10,38900,421,53
2014-09-05,,39,10,38900,421,53
2014-09-05,,39,10,38900,421,53
2014-09-05,witget,61,31,73300,157,44
2014-09-05,,51,9,26400,63,44
2014-09-05,,51,9,26400,63,44
2014-09-05,,51,9,26400,63,44
2014-09-05,,42,11,19300,96,36
2014-09-05,,42,11,19300,96,36
2014-09-05,,42,11,19300,96,36
2014-09-05,regru,12,2,2600,14,34
2014-09-05,regru,12,2,2600,14,34
2014-09-05,,184,0,99700,270,32
2014-09-05,,51,18,40200,51,31
2014-09-05,metrotek,57,1,43800,236,29
2014-09-05,metrotek,57,1,43800,236,29
2014-09-05,metrotek,57,1,43700,236,29
2014-09-05,codabra,38,5,22000,147,29
2014-09-05,,29,2,22100,162,28
2014-09-05,,29,2,22100,162,28
2014-09-05,,29,2,22100,162,28
2014-09-05,,27,3,19900,90,22
2014-09-05,,53,22,7900,53,21
2014-09-05,,19,0,9500,104,20
2014-09-05,,19,0,9500,104,20
2014-09-05,,19,0,9500,104,20
2014-09-05,,5,5,4600,24,20
2014-09-05,,5,5,4600,24,20
2014-09-05,,5,5,4600,24,20
2014-09-05,,26,3,13300,99,18
2014-09-05,,26,3,13300,99,18
2014-09-05,,26,3,13300,99,18
2014-09-05,,35,1,13700,151,17
2014-09-05,,35,1,13700,151,17
2014-09-05,,35,1,13700,151,17
2014-09-05,,4,0,13600,48,14
2014-09-05,,52,1,21900,142,12
2014-09-05,,52,1,21900,142,12
2014-09-05,,52,1,21900,142,12
2014-09-05,,11,7,6500,99,11
2014-09-05,,11,7,6500,99,11
2014-09-05,,11,7,6500,99,11
2014-09-05,,30,6,11200,102,10
2014-09-05,,30,6,11200,102,10
2014-09-05,,30,6,11200,102,10
2014-09-05,plarium,26,1,23600,161,8
2014-09-05,plarium,26,1,23600,161,8
2014-09-05,,24,2,23100,107,8
2014-09-05,,24,2,23100,107,8
2014-09-05,,18,1,6100,72,8
2014-09-05,,18,1,6100,72,8
2014-09-05,,18,1,6100,72,8
2014-09-05,,34,4,24700,264,7
2014-09-05,,5,4,12200,48,6
2014-09-05,,5,4,12200,48,6
2014-09-05,e-Legion,16,0,3000,10,5
2014-09-05,e-Legion,16,0,3000,10,5
2014-09-05,,17,1,4400,28,2
2014-09-05,infobox,10,23,8100,10,2
2014-09-05,infobox,10,23,8100,10,2
2014-09-05,,5,8,3000,9,2
2014-09-05,,5,8,3000,9,2
2014-09-05,,5,8,3000,9,2
2014-09-05,,3,1,4900,41,0
2014-09-05,,3,1,4900,41,0
2014-09-05,,7,2,5000,40,0
2014-09-05,,7,2,5000,40,0
2014-09-05,microsoft,16,0,2100,19,0
2014-09-05,microsoft,16,0,2100,19,0
2014-09-06,yandex,109,5,46800,299,119
2014-09-06,yandex,109,5,46800,299,119
2014-09-06,,137,5,56100,267,108
2014-09-06,,137,5,56100,267,108
2014-09-06,,41,18,24100,34,63
2014-09-06,,14,21,7400,26,46
2014-09-06,,14,21,7400,26,46
2014-09-06,,113,11,80700,83,41
2014-09-06,,113,11,80700,83,41
2014-09-06,,18,3,20000,126,37
2014-09-06,,18,3,20000,126,37
2014-09-06,,22,15,32400,480,36
2014-09-06,,22,15,32400,480,36
2014-09-06,,22,15,32400,480,36
2014-09-06,,34,6,17900,38,28
2014-09-06,,34,6,17900,38,28
2014-09-06,,34,6,17900,38,28
2014-09-06,,37,3,31100,407,22
2014-09-06,,37,3,31100,407,22
2014-09-06,,50,10,12700,201,18
2014-09-06,,50,10,12700,201,18
2014-09-06,,19,3,7300,86,18
2014-09-06,,19,3,7300,86,18
2014-09-06,,28,6,16400,53,15
2014-09-06,,28,6,16400,53,15
2014-09-06,,16,24,3400,18,13
2014-09-06,,17,9,10100,65,12
2014-09-06,,17,9,10100,65,12
2014-09-06,,23,3,10000,54,5
2014-09-06,innopolis_university,13,4,4900,18,4
2014-09-07,,277,43,540000,197,550
2014-09-07,,39,10,44500,266,79
2014-09-07,,39,10,44500,266,79
2014-09-07,,111,31,150000,58,69
2014-09-07,,88,6,80000,65,68
2014-09-07,,64,21,9300,48,62
2014-09-07,,10,6,14000,173,24
2014-09-07,,10,6,14000,173,24
2014-09-07,,10,6,14000,173,24
2014-09-07,,20,3,25600,262,14
2014-09-07,,20,3,25600,262,14
2014-09-07,,13,3,7400,67,8
2014-09-07,,13,3,7400,67,8
2014-09-07,,48,3,29400,396,7
2014-09-07,,48,3,29400,396,7
2014-09-07,,48,3,29400,396,7
2014-09-07,zfort,47,2,33400,245,3
2014-09-07,zfort,47,2,33400,245,3
2014-09-07,,20,3,12300,88,3
2014-09-07,,20,3,12300,88,3
2014-09-07,,20,3,12300,88,3
2014-09-08,JetBrains,163,2,87900,216,266
2014-09-08,JetBrains,163,2,87900,216,266
2014-09-08,yandex,263,37,195000,88,199
2014-09-08,,122,26,427000,105,155
2014-09-08,,127,42,65000,228,93
2014-09-08,,127,42,65000,228,93
2014-09-08,,127,42,65000,228,93
2014-09-08,spbau,52,2,48000,323,82
2014-09-08,spbau,52,2,48000,323,82
2014-09-08,,170,0,97400,345,52
2014-09-08,mailru,38,7,11500,52,30
2014-09-08,papabubadiop,84,10,37700,87,27
2014-09-08,papabubadiop,84,10,37700,87,27
2014-09-08,,21,3,47700,195,22
2014-09-08,,51,2,26800,103,21
2014-09-08,,51,2,26800,103,21
2014-09-08,,51,2,26800,103,21
2014-09-08,,11,6,18700,46,18
2014-09-08,,12,1,13600,188,15
2014-09-08,,12,1,13600,188,15
2014-09-08,zfort,44,6,20600,156,15
2014-09-08,zfort,44,6,20600,156,15
2014-09-08,,53,1,22100,111,15
2014-09-08,,17,3,12300,89,15
2014-09-08,,17,3,12300,89,15
2014-09-08,,11,9,4900,27,15
2014-09-08,,11,9,4900,27,15
2014-09-08,,10,22,7100,7,15
2014-09-08,,10,22,7100,7,15
2014-09-08,,7,4,17000,157,14
2014-09-08,,7,4,17000,157,14
2014-09-08,,7,4,17000,157,14
2014-09-08,madrobots,19,5,16400,24,11
2014-09-08,,34,2,18400,232,9
2014-09-08,,34,2,18400,232,9
2014-09-08,,32,8,16500,108,9
2014-09-08,,32,8,16500,108,9
2014-09-08,,32,8,16500,108,9
2014-09-08,,14,2,7700,82,8
2014-09-08,,14,2,7700,82,8
2014-09-08,,14,2,7700,82,8
2014-09-08,,3,4,5200,43,7
2014-09-08,,3,4,5200,43,7
2014-09-08,microsoftlumia,20,6,19500,34,7
2014-09-08,,17,1,15700,88,6
2014-09-08,croc,31,3,14700,66,6
2014-09-08,,7,4,12400,95,5
2014-09-08,,7,4,12400,95,5
2014-09-08,,7,4,12400,95,5
2014-09-08,,6,4,9400,55,5
2014-09-08,,6,4,9400,55,5
2014-09-08,,6,4,9400,55,5
2014-09-08,,14,3,8400,23,5
2014-09-08,,14,3,8400,23,5
2014-09-08,,13,3,1900,14,5
2014-09-08,,13,3,1900,14,5
2014-09-08,nanosoft,11,0,5500,17,4
2014-09-08,nanosoft,11,0,5500,17,4
2014-09-08,railsclub,15,0,3100,8,4
2014-09-08,railsclub,15,0,3100,8,4
2014-09-08,fujitsu,2,1,2200,4,4
2014-09-08,,15,0,14300,110,3
2014-09-08,,9,2,6900,59,3
2014-09-08,jetinfosystems,6,7,4900,19,3
2014-09-08,jetinfosystems,6,7,4900,19,3
2014-09-08,google,9,8,4600,85,2
2014-09-08,qiwi_universe,6,4,2900,6,2
2014-09-08,,7,4,16100,65,1
2014-09-08,,7,4,16100,65,1
2014-09-08,,11,1,5000,14,1
2014-09-08,,4,0,1700,8,1
2014-09-08,,4,0,1700,8,1
2014-09-08,intel,9,1,1500,6,1
2014-09-08,intel,9,1,1500,6,1
2014-09-08,,17,0,5700,117,0
2014-09-08,,17,0,5700,117,0
2014-09-08,,17,1,7200,113,0
2014-09-08,,17,1,7200,113,0
2014-09-08,,23,5,10100,77,0
2014-09-08,,23,5,10100,77,0
2014-09-08,,4,0,2700,24,0
2014-09-08,,4,0,2700,24,0
2014-09-08,,4,0,2700,24,0
2014-09-08,,2,2,2900,19,0
2014-09-08,,2,2,2900,19,0
2014-09-08,luxoft,4,1,976,6,0
2014-09-08,luxoft,4,1,976,6,0
2014-09-09,ua-hosting,40,6,72500,280,103
2014-09-09,opera,71,20,35300,106,77
2014-09-09,,95,12,69800,76,72
2014-09-09,,91,1,48500,444,64
2014-09-09,,91,1,48500,444,64
2014-09-09,mailru,88,36,68600,46,57
2014-09-09,,118,2,59700,131,56
2014-09-09,,24,0,14500,62,56
2014-09-09,,24,0,14500,62,56
2014-09-09,,64,25,56200,80,46
2014-09-09,wolfram,80,5,52000,300,45
2014-09-09,wolfram,80,5,52000,300,45
2014-09-09,,19,2,9700,52,40
2014-09-09,,19,2,9700,52,40
2014-09-09,,19,2,9700,52,40
2014-09-09,,71,3,45800,217,38
2014-09-09,notissimus,47,11,42700,328,37
2014-09-09,ivi,42,1,15200,77,29
2014-09-09,ivi,42,1,15200,77,29
2014-09-09,,12,0,11100,117,24
2014-09-09,,12,0,11100,117,24
2014-09-09,,12,0,11100,117,24
2014-09-09,,25,2,27100,148,23
2014-09-09,kolibrios,12,1,3500,25,20
2014-09-09,,63,4,57700,1193,19
2014-09-09,,63,4,57700,1193,19
2014-09-09,,63,4,57700,1193,19
2014-09-09,fintech_fab,18,7,9600,78,16
2014-09-09,1c_club,16,4,40400,120,15
2014-09-09,1c_club,16,4,40400,120,15
2014-09-09,,35,2,6800,57,14
2014-09-09,,35,2,6800,57,14
2014-09-09,microsoft,38,6,75100,452,13
2014-09-09,,14,10,9800,68,13
2014-09-09,,14,10,9800,68,13
2014-09-09,alconost,16,7,5500,26,10
2014-09-09,alconost,16,7,5500,26,10
2014-09-09,,13,20,2400,18,10
2014-09-09,,13,20,2400,18,10
2014-09-09,mailru,43,7,14900,32,9
2014-09-09,,20,5,2900,16,8
2014-09-09,,20,5,2900,16,8
2014-09-09,,20,5,2900,16,8
2014-09-09,,16,1,11400,113,7
2014-09-09,,16,1,11400,113,7
2014-09-09,,16,1,11400,113,7
2014-09-09,,4,5,3600,19,7
2014-09-09,,4,5,3600,19,7
2014-09-09,,4,5,3600,19,7
2014-09-09,alfa,18,4,5300,28,6
2014-09-09,sports_ru,20,5,4200,27,5
2014-09-09,,15,3,3800,89,4
2014-09-09,,32,0,10600,79,2
2014-09-09,readyscript,11,5,3700,44,2
2014-09-09,readyscript,11,5,3700,44,2
2014-09-09,autodesk,14,7,7400,39,2
2014-09-09,microsoft,9,0,2600,24,2
2014-09-09,microsoft,9,0,2600,24,2
2014-09-09,microsoft,9,0,2600,24,2
2014-09-09,,4,1,1700,12,0
2014-09-09,,3,2,661,4,0
2014-09-10,,149,14,404000,201,396
2014-09-10,,275,124,84500,109,372
2014-09-10,,52,9,73100,29,167
2014-09-10,,61,19,25300,109,94
2014-09-10,,61,19,25300,109,94
2014-09-10,,68,15,98900,120,89
2014-09-10,,55,7,63100,53,72
2014-09-10,JetBrains,36,2,16800,44,71
2014-09-10,JetBrains,36,2,16800,44,71
2014-09-10,,92,6,38900,189,49
2014-09-10,,20,4,31900,223,47
2014-09-10,,20,4,31900,223,47
2014-09-10,,20,4,31900,223,47
2014-09-10,,13,7,10700,23,47
2014-09-10,,13,7,10700,23,47
2014-09-10,,30,3,46000,86,44
2014-09-10,,30,3,46000,86,44
2014-09-10,,176,6,92200,1146,43
2014-09-10,,176,6,92200,1146,43
2014-09-10,,27,7,27700,22,38
2014-09-10,,27,7,27700,22,38
2014-09-10,,50,15,34300,32,37
2014-09-10,,50,15,34300,32,37
2014-09-10,,66,1,19100,118,32
2014-09-10,,66,1,19100,118,32
2014-09-10,,56,1,59800,749,31
2014-09-10,,56,1,59800,749,31
2014-09-10,,56,1,59800,749,31
2014-09-10,,16,0,32500,247,27
2014-09-10,,16,0,32500,247,27
2014-09-10,,26,6,16300,88,23
2014-09-10,,26,6,16300,88,23
2014-09-10,,31,2,13500,98,22
2014-09-10,,31,2,13500,98,22
2014-09-10,,31,2,13500,98,22
2014-09-10,,56,16,18400,166,20
2014-09-10,,66,5,36000,144,20
2014-09-10,,66,5,36000,144,20
2014-09-10,pvs-studio,35,2,13200,34,17
2014-09-10,pvs-studio,35,2,13200,34,17
2014-09-10,comptek,6,2,12100,23,17
2014-09-10,comptek,6,2,12100,23,17
2014-09-10,samsung,6,5,2200,5,17
2014-09-10,samsung,6,5,2200,5,17
2014-09-10,google,17,4,15600,85,12
2014-09-10,,11,3,2800,30,11
2014-09-10,,9,15,20000,51,10
2014-09-10,,18,1,32600,254,9
2014-09-10,intel,14,5,10700,64,9
2014-09-10,,12,6,14400,44,9
2014-09-10,,12,6,14400,44,9
2014-09-10,,12,6,14400,44,9
2014-09-10,mailru,72,4,16600,246,8
2014-09-10,mailru,72,4,16600,246,8
2014-09-10,,17,4,4400,68,8
2014-09-10,,17,4,4400,68,8
2014-09-10,turbomilk,31,10,8400,24,7
2014-09-10,turbomilk,31,10,8400,24,7
2014-09-10,ibm,11,5,6300,36,6
2014-09-10,ibm,11,5,6300,36,6
2014-09-10,eset,14,5,9100,7,3
2014-09-10,2gis,32,5,9500,84,2
2014-09-10,2gis,32,5,9500,84,2
2014-09-10,railsclub,13,3,3000,13,1
2014-09-10,railsclub,13,3,3000,13,1
2014-09-10,advertone_ru,9,6,4700,11,1
2014-09-10,cognitive,9,6,6500,59,0
2014-09-10,cognitive,9,6,6500,59,0
2014-09-10,theonlypage,5,1,1500,26,0
2014-09-10,theonlypage,5,1,1500,26,0
2014-09-10,,6,2,1800,11,0
2014-09-10,,2,4,1100,8,0
2014-09-11,yota,255,18,104000,109,222
2014-09-11,,75,23,50900,84,124
2014-09-11,,75,23,50900,84,124
2014-09-11,,7,41,6100,20,78
2014-09-11,,7,41,6100,20,78
2014-09-11,,7,41,6100,20,78
2014-09-11,selectel,49,13,45200,379,63
2014-09-11,selectel,49,13,45200,379,63
2014-09-11,,115,23,58100,372,53
2014-09-11,,115,23,58100,372,53
2014-09-11,,115,23,58100,372,53
2014-09-11,,59,19,52900,69,48
2014-09-11,,32,5,24400,349,47
2014-09-11,,32,5,24400,349,47
2014-09-11,,32,5,24400,349,47
2014-09-11,croc,64,10,59500,403,34
2014-09-11,croc,64,10,59500,403,34
2014-09-11,stepic,38,0,18500,173,33
2014-09-11,,66,8,42400,129,31
2014-09-11,wolfram,56,4,27300,192,30
2014-09-11,webzilla,45,3,22100,244,28
2014-09-11,webzilla,45,3,22100,244,28
2014-09-11,tceh,37,10,33000,90,26
2014-09-11,,70,2,30500,456,23
2014-09-11,,24,15,27800,252,20
2014-09-11,,24,15,27800,252,20
2014-09-11,innopolis_university,7,6,7000,21,18
2014-09-11,innopolis_university,7,6,7000,21,18
2014-09-11,microsoft,49,8,51200,417,16
2014-09-11,,10,1,5500,17,14
2014-09-11,,10,1,5500,17,14
2014-09-11,,10,1,5500,17,14
2014-09-11,,13,4,9400,70,11
2014-09-11,,18,3,8000,68,8
2014-09-11,lpcloud,2,0,3400,32,6
2014-09-11,lpcloud,2,0,3400,32,6
2014-09-11,audiomania,22,8,10300,71,5
2014-09-11,,2,8,2700,17,5
2014-09-11,,20,2,12600,197,4
2014-09-11,,20,2,12600,197,4
2014-09-11,,20,2,12600,197,4
2014-09-11,,15,3,17600,172,4
2014-09-11,,15,3,17600,172,4
2014-09-11,,15,3,17600,172,4
2014-09-11,,16,1,12500,49,4
2014-09-11,,19,1,6700,39,4
2014-09-11,,19,1,6700,39,4
2014-09-11,,19,1,6700,39,4
2014-09-11,,22,4,6200,72,3
2014-09-11,,22,4,6200,72,3
2014-09-11,abbyy,15,5,6800,12,3
2014-09-11,microsoft,27,3,8300,91,2
2014-09-11,microsoft,27,3,8300,91,2
2014-09-11,,6,3,3300,30,2
2014-09-11,1c_tools,2,1,3300,20,2
2014-09-11,google,2,3,3300,16,2
2014-09-11,jetinfosystems,4,0,1500,11,2
2014-09-11,,26,4,6000,39,1
2014-09-11,,26,4,6000,39,1
2014-09-11,,26,4,6000,39,1
2014-09-11,intel,11,1,3100,20,1
2014-09-12,mailru,139,20,79800,169,224
2014-09-12,,84,29,47200,167,118
2014-09-12,,84,29,47200,167,118
2014-09-12,,38,3,33400,478,54
2014-09-12,,38,3,33400,478,54
2014-09-12,,38,3,33400,478,54
2014-09-12,plarium,55,12,41600,311,48
2014-09-12,mailru,75,41,41900,63,46
2014-09-12,mailru,75,41,41900,63,46
2014-09-12,,37,30,78200,123,44
2014-09-12,,102,24,44300,174,40
2014-09-12,wargaming,46,4,44600,652,39
2014-09-12,wargaming,46,4,44600,652,39
2014-09-12,,69,7,24800,217,39
2014-09-12,,12,2,10700,71,33
2014-09-12,,20,8,22200,271,32
2014-09-12,,20,8,22200,271,32
2014-09-12,,20,8,22200,271,32
2014-09-12,eset,24,7,12700,18,28
2014-09-12,,39,2,61800,457,26
2014-09-12,,39,2,61800,457,26
2014-09-12,,13,3,28200,176,19
2014-09-12,railsclub,29,3,12900,84,16
2014-09-12,railsclub,29,3,12900,84,16
2014-09-12,dataart,16,12,12700,69,14
2014-09-12,dataart,16,12,12700,69,14
2014-09-12,kaspersky,6,9,5100,41,13
2014-09-12,,10,3,2700,43,12
2014-09-12,,15,4,10800,99,7
2014-09-12,,15,4,10800,99,7
2014-09-12,eastbanctech,17,1,14000,56,7
2014-09-12,,13,11,4700,53,6
2014-09-12,smartgadget,4,5,2500,13,6
2014-09-12,pentestit,16,13,4900,20,5
2014-09-12,a-practic,6,6,3300,23,1
2014-09-12,railsclub,7,0,2600,16,1
2014-09-12,railsclub,7,0,2600,16,1
2014-09-12,microsoft,17,6,1900,5,1
2014-09-12,microsoft,17,6,1900,5,1
2014-09-13,innopolis_university,14,18,13900,22,189
2014-09-13,innopolis_university,14,18,13900,22,189
2014-09-13,,38,7,32500,39,123
2014-09-13,,68,6,41900,227,37
2014-09-13,microsoft,46,23,21300,64,34
2014-09-13,microsoft,46,23,21300,64,34
2014-09-13,,12,4,12200,78,28
2014-09-13,,12,4,12200,78,28
2014-09-13,,20,4,27300,297,13
2014-09-13,,20,4,27300,297,13
2014-09-13,,16,8,13500,103,5
2014-09-13,,16,8,13500,103,5
2014-09-13,,16,8,13500,103,5
2014-09-13,jetinfosystems,11,4,3200,25,0
2014-09-13,jetinfosystems,11,4,3200,25,0
2014-09-14,mosigra,95,3,71100,218,87
2014-09-14,,11,11,12200,23,32
2014-09-14,,101,4,44300,1083,21
2014-09-14,,101,4,44300,1083,21
2014-09-14,,101,4,44300,1083,21
2014-09-14,paysto,17,6,18800,80,20
2014-09-14,,7,6,7000,16,20
2014-09-14,,91,5,36200,303,19
2014-09-14,,91,5,36200,303,19
2014-09-14,,91,5,36200,303,19
2014-09-14,croc,35,5,19500,72,11
2014-09-14,,21,2,11200,64,11
2014-09-14,,21,2,11200,64,11
2014-09-14,,17,3,16100,237,10
2014-09-14,,17,3,16100,237,10
2014-09-14,,5,11,1900,15,7
2014-09-14,,5,11,1900,15,7
2014-09-14,,5,11,1900,15,7
2014-09-14,,19,2,14900,225,6
2014-09-14,,19,2,14900,225,6
2014-09-14,,26,1,11300,169,6
2014-09-14,,26,1,11300,169,6
2014-09-14,,3,1,6800,42,6
2014-09-14,zfort,48,6,33500,230,5
2014-09-14,zfort,48,6,33500,230,5
2014-09-14,,30,3,14000,93,3
2014-09-14,,30,3,14000,93,3
2014-09-14,,30,3,14000,93,3
2014-09-14,,15,0,7200,86,1
2014-09-14,,15,0,7200,86,1
2014-09-14,,11,1,10800,61,0
2014-09-14,,11,1,10800,61,0
2014-09-14,,11,1,10800,61,0
2014-09-14,theonlypage,17,5,2000,43,0
2014-09-14,theonlypage,17,5,2000,43,0
2014-09-15,opera,53,13,72000,47,254
2014-09-15,,48,44,20600,165,119
2014-09-15,,48,44,20600,165,119
2014-09-15,,139,10,124000,203,106
2014-09-15,crystal_service,39,2,22800,177,84
2014-09-15,crystal_service,39,2,22800,177,84
2014-09-15,,42,24,29700,206,82
2014-09-15,,42,24,29700,206,82
2014-09-15,,42,24,29700,206,82
2014-09-15,,12,90,4400,10,66
2014-09-15,,12,90,4400,10,66
2014-09-15,intel,44,5,47900,132,65
2014-09-15,,51,27,42300,301,64
2014-09-15,,51,27,42300,301,64
2014-09-15,,51,27,42300,301,64
2014-09-15,,65,48,25800,32,47
2014-09-15,,53,7,45600,51,45
2014-09-15,,213,3,61500,687,43
2014-09-15,,213,3,61500,687,43
2014-09-15,,213,3,61500,687,43
2014-09-15,,57,21,32800,364,36
2014-09-15,,57,21,32800,364,36
2014-09-15,,57,21,32800,364,36
2014-09-15,eset,40,4,24800,50,28
2014-09-15,,65,12,31800,120,27
2014-09-15,,34,11,15100,53,27
2014-09-15,mailru,35,17,21500,40,25
2014-09-15,,7,7,11700,70,24
2014-09-15,,7,7,11700,70,24
2014-09-15,,33,7,11300,64,22
2014-09-15,,33,7,11300,64,22
2014-09-15,delphi,7,3,5300,4,20
2014-09-15,delphi,7,3,5300,4,20
2014-09-15,,37,2,11800,101,19
2014-09-15,,21,2,16800,320,17
2014-09-15,,51,15,16700,121,16
2014-09-15,,51,15,16700,121,16
2014-09-15,,51,15,16700,121,16
2014-09-15,,13,0,5300,82,15
2014-09-15,,13,0,5300,82,15
2014-09-15,,10,16,7500,76,15
2014-09-15,,10,16,7500,76,15
2014-09-15,,10,16,7500,76,15
2014-09-15,,4,1,6500,35,15
2014-09-15,,17,3,11900,172,14
2014-09-15,,17,3,11900,172,14
2014-09-15,,17,3,11900,172,14
2014-09-15,,4,3,5300,20,13
2014-09-15,,4,3,5300,20,13
2014-09-15,croc,34,4,20600,55,11
2014-09-15,croc,34,4,20600,55,11
2014-09-15,paysto,21,3,10000,51,10
2014-09-15,,6,23,12300,40,10
2014-09-15,,17,6,19100,210,8
2014-09-15,,17,6,19100,210,8
2014-09-15,microsoft,23,4,20900,305,6
2014-09-15,microsoft,23,4,20900,305,6
2014-09-15,token2,16,9,7300,106,6
2014-09-15,,10,9,6300,51,6
2014-09-15,,16,4,6900,53,5
2014-09-15,microsoft,38,0,19100,105,0
2014-09-15,microsoft,38,0,19100,105,0
2014-09-15,,11,0,7300,75,0
2014-09-15,,11,0,7300,75,0
2014-09-15,hpe,4,0,3400,12,0
2014-09-15,hpe,4,0,3400,12,0
2014-09-16,,74,33,67300,93,130
2014-09-16,,104,6,73000,66,90
2014-09-16,,141,1,54900,316,78
2014-09-16,,141,1,54900,316,78
2014-09-16,,25,14,40200,304,68
2014-09-16,JetBrains,45,1,31900,74,68
2014-09-16,JetBrains,45,1,31900,74,68
2014-09-16,,60,16,50400,62,46
2014-09-16,,7,5,16300,74,45
2014-09-16,,7,5,16300,74,45
2014-09-16,,7,5,16300,74,45
2014-09-16,,74,6,37600,70,43
2014-09-16,,43,1,34800,47,40
2014-09-16,,43,1,34800,47,40
2014-09-16,,16,4,14800,126,38
2014-09-16,,16,4,14800,126,38
2014-09-16,,16,4,14800,126,38
2014-09-16,,14,5,12300,23,28
2014-09-16,yandex,82,3,42800,386,25
2014-09-16,,20,7,36500,323,22
2014-09-16,,27,9,95600,570,21
2014-09-16,nordavind,18,4,18500,63,20
2014-09-16,nordavind,18,4,18500,63,20
2014-09-16,,8,4,18200,47,20
2014-09-16,,8,4,18200,47,20
2014-09-16,,21,3,15800,143,18
2014-09-16,,21,3,15800,143,18
2014-09-16,,21,3,15800,143,18
2014-09-16,piter,18,2,96900,446,16
2014-09-16,piter,18,2,96900,446,16
2014-09-16,1cloud,25,6,24600,113,16
2014-09-16,1cloud,25,6,24600,113,16
2014-09-16,,45,1,18700,176,13
2014-09-16,,45,1,18700,176,13
2014-09-16,ua-hosting,35,5,27500,43,11
2014-09-16,,19,8,9500,43,11
2014-09-16,,19,8,9500,43,11
2014-09-16,,9,9,8900,39,11
2014-09-16,,9,9,8900,39,11
2014-09-16,,37,5,19300,102,10
2014-09-16,,37,5,19300,102,10
2014-09-16,,3,6,920,22,9
2014-09-16,,9,8,5400,31,3
2014-09-16,,9,8,5400,31,3
2014-09-16,,9,8,5400,31,3
2014-09-16,ZeptoLab,14,5,8200,27,3
2014-09-16,ZeptoLab,14,5,8200,27,3
2014-09-16,,5,6,2800,37,2
2014-09-16,railsclub,7,2,1900,12,2
2014-09-16,railsclub,7,2,1900,12,2
2014-09-16,,14,9,10800,122,1
2014-09-16,,14,9,10800,122,1
2014-09-16,astoundcommerce,3,5,2000,6,0
2014-09-16,astoundcommerce,3,5,2000,6,0
2014-09-16,epson,2,0,2300,3,0
2014-09-17,,202,40,126000,485,187
2014-09-17,,72,9,82300,451,142
2014-09-17,,72,9,82300,451,142
2014-09-17,,60,9,77300,403,86
2014-09-17,,60,9,77300,403,86
2014-09-17,,60,9,77300,403,86
2014-09-17,,71,5,27900,105,70
2014-09-17,,71,5,27900,105,70
2014-09-17,,38,6,29000,63,52
2014-09-17,,38,6,29000,63,52
2014-09-17,,20,17,26300,81,47
2014-09-17,,20,17,26300,81,47
2014-09-17,,20,17,26300,81,47
2014-09-17,,80,8,35800,133,29
2014-09-17,,80,8,35800,133,29
2014-09-17,web_payment_ru,26,4,16500,24,27
2014-09-17,,20,2,6800,63,23
2014-09-17,,20,2,6800,63,23
2014-09-17,poiskvps,19,7,11100,114,22
2014-09-17,,58,19,59000,106,22
2014-09-17,,29,1,8300,91,22
2014-09-17,,29,1,8300,91,22
2014-09-17,,7,5,25200,85,21
2014-09-17,,7,5,25200,85,21
2014-09-17,,7,5,25200,85,21
2014-09-17,,41,5,22100,63,20
2014-09-17,,41,5,22100,63,20
2014-09-17,,22,4,18700,72,19
2014-09-17,,20,1,11900,60,17
2014-09-17,,20,1,11900,60,17
2014-09-17,,20,1,11900,60,17
2014-09-17,,23,6,4100,41,17
2014-09-17,,26,1,12400,104,16
2014-09-17,,51,4,16000,69,16
2014-09-17,,51,4,16000,69,16
2014-09-17,,17,2,46700,131,15
2014-09-17,airbnb,25,7,28300,137,13
2014-09-17,airbnb,25,7,28300,137,13
2014-09-17,skbkontur,13,1,5500,85,11
2014-09-17,skbkontur,13,1,5500,85,11
2014-09-17,,7,3,6300,21,10
2014-09-17,,7,3,6300,21,10
2014-09-17,,23,2,11500,80,9
2014-09-17,,23,2,11500,80,9
2014-09-17,,12,2,4100,36,8
2014-09-17,,15,0,9700,102,7
2014-09-17,microsoft,26,12,2400,10,7
2014-09-17,microsoft,26,12,2400,10,7
2014-09-17,learzing,5,2,7200,46,6
2014-09-17,learzing,5,2,7200,46,6
2014-09-17,,14,1,10000,119,4
2014-09-17,,14,1,10000,119,4
2014-09-17,,7,6,2200,30,4
2014-09-17,,7,6,2200,30,4
2014-09-17,pt,13,2,8700,86,3
2014-09-17,,21,3,27000,311,2
2014-09-17,,15,0,13500,95,2
2014-09-17,,15,0,13500,95,2
2014-09-17,,2,0,5200,16,2
2014-09-17,,1,0,4700,9,2
2014-09-18,pvs-studio,83,7,29200,73,114
2014-09-18,pvs-studio,83,7,29200,73,114
2014-09-18,,54,4,57000,155,70
2014-09-18,,54,4,57000,155,70
2014-09-18,,57,2,13100,292,49
2014-09-18,,36,8,18700,27,39
2014-09-18,,36,8,18700,27,39
2014-09-18,parallels,26,5,27800,144,38
2014-09-18,,38,12,12400,14,37
2014-09-18,,38,12,12400,14,37
2014-09-18,,38,12,12400,14,37
2014-09-18,enterra,53,4,17700,208,32
2014-09-18,enterra,53,4,17700,208,32
2014-09-18,enterra,53,4,17700,208,32
2014-09-18,nordavind,49,0,15200,195,31
2014-09-18,nordavind,49,0,15200,195,31
2014-09-18,selectel,38,10,24700,322,29
2014-09-18,selectel,38,10,24700,322,29
2014-09-18,,20,2,18000,236,29
2014-09-18,,20,2,18000,236,29
2014-09-18,dataart,22,10,16400,123,28
2014-09-18,dataart,22,10,16400,123,28
2014-09-18,,3,6,2000,19,28
2014-09-18,,3,6,2000,19,28
2014-09-18,,3,6,2000,19,28
2014-09-18,,54,1,19000,220,26
2014-09-18,,54,1,19000,220,26
2014-09-18,,25,8,15300,121,22
2014-09-18,,25,8,15300,121,22
2014-09-18,,25,8,15300,121,22
2014-09-18,,27,2,9700,70,22
2014-09-18,,27,2,9700,70,22
2014-09-18,audiomania,12,1,5600,19,22
2014-09-18,,29,3,12700,79,19
2014-09-18,,20,3,20300,296,16
2014-09-18,,20,3,20300,296,16
2014-09-18,comptek,24,0,16400,75,16
2014-09-18,comptek,24,0,16400,75,16
2014-09-18,,6,0,3800,28,14
2014-09-18,,6,0,3800,28,14
2014-09-18,,6,0,3800,28,14
2014-09-18,eset,41,8,20200,27,14
2014-09-18,lpcloud,29,15,24400,330,13
2014-09-18,lpcloud,29,15,24400,330,13
2014-09-18,fabbers,21,10,8800,30,12
2014-09-18,,47,1,25700,440,8
2014-09-18,,47,1,25700,440,8
2014-09-18,,4,2,4600,25,8
2014-09-18,,4,2,4600,25,8
2014-09-18,,4,2,4600,25,8
2014-09-18,mailru,33,8,6200,15,8
2014-09-18,mailru,33,8,6200,15,8
2014-09-18,opentechedu,21,4,9600,78,7
2014-09-18,opentechedu,21,4,9600,78,7
2014-09-18,beeline,19,0,15300,95,6
2014-09-18,beeline,19,0,15300,95,6
2014-09-18,,13,4,4700,49,6
2014-09-18,,13,4,4700,49,6
2014-09-18,pentestit,11,7,11700,36,4
2014-09-18,pentestit,11,7,11700,36,4
2014-09-18,fujitsu,18,3,6100,22,4
2014-09-18,nordavind,46,0,19200,221,3
2014-09-18,kamagames,8,4,4300,18,3
2014-09-18,kamagames,8,4,4300,18,3
2014-09-18,,19,0,7400,71,1
2014-09-18,,19,0,7400,71,1
2014-09-18,railsclub,18,3,5100,10,1
2014-09-18,railsclub,18,3,5100,10,1
2014-09-18,altweb,13,3,4500,54,0
2014-09-18,,3,0,2600,15,0
2014-09-18,,3,0,2600,15,0
2014-09-18,,3,0,2600,15,0
2014-09-19,,176,29,63500,113,616
2014-09-19,,176,29,63500,113,616
2014-09-19,cjdns,120,23,74600,251,302
2014-09-19,infobox,45,3,60700,442,90
2014-09-19,infobox,45,3,60700,442,90
2014-09-19,,187,33,178000,643,61
2014-09-19,,187,33,178000,643,61
2014-09-19,,187,33,178000,643,61
2014-09-19,pvs-studio,49,4,33700,57,55
2014-09-19,pvs-studio,49,4,33700,57,55
2014-09-19,,27,1,27400,41,46
2014-09-19,,38,9,14600,114,40
2014-09-19,,38,9,14600,114,40
2014-09-19,wolfram,47,5,18000,142,37
2014-09-19,wolfram,47,5,18000,142,37
2014-09-19,,45,3,29700,46,37
2014-09-19,,29,20,29300,76,36
2014-09-19,piter,29,3,63300,401,35
2014-09-19,piter,29,3,63300,401,35
2014-09-19,mailru,55,2,18600,145,31
2014-09-19,mailru,55,2,18600,145,31
2014-09-19,,127,54,7800,5,31
2014-09-19,,52,2,24700,89,29
2014-09-19,,52,2,24700,89,29
2014-09-19,,52,2,24700,89,29
2014-09-19,,22,1,50100,337,27
2014-09-19,,22,1,50100,337,27
2014-09-19,,22,1,50100,337,27
2014-09-19,,28,11,10200,23,26
2014-09-19,,28,11,10200,23,26
2014-09-19,,28,11,10200,23,26
2014-09-19,,38,3,18100,12,19
2014-09-19,,14,33,4300,12,19
2014-09-19,,14,33,4300,12,19
2014-09-19,,14,33,4300,12,19
2014-09-19,,7,17,3700,35,17
2014-09-19,,6,5,5000,11,16
2014-09-19,,31,2,63500,256,15
2014-09-19,,31,2,63400,256,15
2014-09-19,,46,18,15300,72,13
2014-09-19,,46,18,15300,72,13
2014-09-19,fintech_fab,13,4,6200,82,12
2014-09-19,fintech_fab,13,4,6200,82,12
2014-09-19,yota,17,0,22400,69,12
2014-09-19,,5,1,4000,19,9
2014-09-19,,5,1,4000,19,9
2014-09-19,,5,1,4000,19,9
2014-09-19,railsclub,6,5,4600,5,7
2014-09-19,railsclub,6,5,4600,5,7
2014-09-19,,7,4,8400,63,6
2014-09-19,ua-hosting,8,2,6200,50,6
2014-09-19,ua-hosting,8,2,6200,50,6
2014-09-19,eset,3,6,2800,2,6
2014-09-19,,38,2,16100,130,4
2014-09-19,microsoft,24,3,7500,79,3
2014-09-19,microsoft,24,3,7500,79,3
2014-09-19,microsoft,12,2,5400,22,2
2014-09-19,microsoft,12,2,5400,22,2
2014-09-19,qiwi_universe,7,7,1500,6,2
2014-09-19,intel,17,0,4100,41,1
2014-09-19,intel,17,0,4100,41,1
2014-09-19,,4,0,4000,19,1
2014-09-19,allcorrect,7,12,1600,6,1
2014-09-19,allcorrect,7,12,1600,6,1
2014-09-19,a-practic,17,3,10900,141,0
2014-09-19,,5,2,4200,39,0
2014-09-19,,5,2,4200,39,0
2014-09-19,,5,2,4200,39,0
2014-09-19,,1,1,5300,23,0
2014-09-20,,83,4,67500,300,68
2014-09-20,,83,4,67500,300,68
2014-09-20,theonlypage,25,2,19000,274,32
2014-09-20,mailru,51,16,19300,73,26
2014-09-20,mailru,51,16,19300,73,26
2014-09-20,,42,1,23900,244,24
2014-09-20,,42,1,23900,244,24
2014-09-20,,42,1,23900,244,24
2014-09-20,,37,1,13600,96,14
2014-09-20,,37,1,13600,96,14
2014-09-20,,62,5,60100,1069,12
2014-09-20,,62,5,60100,1069,12
2014-09-20,,62,5,60100,1069,12
2014-09-20,,23,2,55000,287,9
2014-09-20,,23,2,55000,287,9
2014-09-20,,23,2,55000,287,9
2014-09-20,,21,1,13800,95,2
2014-09-20,,21,1,13800,95,2
2014-09-21,,37,5,30900,193,90
2014-09-21,,182,3,153000,1517,80
2014-09-21,,52,9,33300,201,59
2014-09-21,,52,9,33300,201,59
2014-09-21,,52,9,33300,201,59
2014-09-21,,39,13,25100,59,31
2014-09-21,,39,13,25100,59,31
2014-09-21,,39,13,25100,59,31
2014-09-21,,45,3,64600,361,27
2014-09-21,mosigra,82,4,36800,171,27
2014-09-21,zfort,48,2,20200,187,25
2014-09-21,zfort,48,2,20200,187,25
2014-09-21,yandex,66,2,25500,373,24
2014-09-21,yandex,66,2,25500,373,24
2014-09-21,,17,8,9800,90,20
2014-09-21,,17,8,9800,90,20
2014-09-21,,17,8,9800,90,20
2014-09-21,,30,4,15300,156,19
2014-09-21,,30,4,15300,156,19
2014-09-21,,30,4,15300,156,19
2014-09-21,microsoftlumia,28,16,30300,47,18
2014-09-21,,55,6,19600,144,15
2014-09-21,,55,6,19600,144,15
2014-09-21,,55,6,19600,144,15
2014-09-21,,64,1,44900,546,14
2014-09-21,,64,1,44900,546,14
2014-09-21,,64,1,44900,546,14
2014-09-21,,16,3,9500,113,12
2014-09-21,,16,3,9500,113,12
2014-09-21,,16,3,9500,113,12
2014-09-21,,7,17,10400,49,10
2014-09-21,,7,17,10400,49,10
2014-09-21,,7,17,10400,49,10
2014-09-21,,4,1,3200,12,10
2014-09-21,,4,1,3200,12,10
2014-09-21,,22,3,11000,166,6
2014-09-21,,22,3,11000,166,6
2014-09-21,,27,2,8400,129,2
2014-09-21,,27,2,8400,129,2
2014-09-21,,6,2,4400,63,2
2014-09-21,,6,2,4400,63,2
2014-09-21,,20,0,11900,86,1
2014-09-21,,20,0,11900,86,1
2014-09-21,,18,3,8000,70,1
2014-09-21,,18,3,8000,70,1
2014-09-21,,18,3,8000,70,1
2014-09-21,zfort,44,3,32800,265,0
2014-09-21,zfort,44,3,32800,265,0
2014-09-22,,75,17,62400,88,383
2014-09-22,,103,14,89000,115,185
2014-09-22,,103,14,89000,115,185
2014-09-22,,52,12,121000,279,161
2014-09-22,,52,12,121000,279,161
2014-09-22,,269,13,147000,382,154
2014-09-22,,269,13,147000,382,154
2014-09-22,,81,8,33400,54,107
2014-09-22,,52,4,21700,249,56
2014-09-22,,52,4,21700,249,56
2014-09-22,,52,4,21700,249,56
2014-09-22,securitycode,26,5,13500,221,37
2014-09-22,securitycode,26,5,13500,221,37
2014-09-22,merchium,17,11,19200,172,33
2014-09-22,,66,4,33300,420,29
2014-09-22,,66,4,33300,420,29
2014-09-22,,66,4,33300,420,29
2014-09-22,,15,2,14800,198,25
2014-09-22,,15,2,14800,198,25
2014-09-22,,7,18,5300,34,22
2014-09-22,,7,18,5300,34,22
2014-09-22,,7,18,5300,34,22
2014-09-22,,54,22,16900,28,22
2014-09-22,,22,8,10600,192,17
2014-09-22,,22,8,10600,192,17
2014-09-22,,60,1,18400,162,17
2014-09-22,,60,1,18400,162,17
2014-09-22,,24,4,16400,97,15
2014-09-22,,24,4,16400,97,15
2014-09-22,web_payment_ru,28,3,16400,139,14
2014-09-22,,7,17,1200,25,14
2014-09-22,,7,17,1200,25,14
2014-09-22,,7,17,1200,25,14
2014-09-22,,7,7,7600,21,14
2014-09-22,pvs-studio,33,4,17400,38,13
2014-09-22,pvs-studio,33,4,17400,38,13
2014-09-22,,36,20,21000,34,13
2014-09-22,infoculture,5,2,1700,17,12
2014-09-22,infoculture,5,2,1700,17,12
2014-09-22,,20,6,10400,63,10
2014-09-22,,20,6,10400,63,10
2014-09-22,,22,0,11000,170,8
2014-09-22,,22,0,11000,170,8
2014-09-22,microsoft,11,1,3000,30,8
2014-09-22,,13,0,4200,42,7
2014-09-22,,13,0,4200,42,7
2014-09-22,,13,0,4200,42,7
2014-09-22,itinvest,14,4,11100,168,6
2014-09-22,piter,16,5,9300,124,4
2014-09-22,piter,16,5,9300,124,4
2014-09-22,,33,3,10500,111,4
2014-09-22,,33,3,10500,111,4
2014-09-22,,13,1,4800,30,4
2014-09-22,mirantis_openstack,6,2,2400,16,4
2014-09-22,jetinfosystems,2,3,4000,23,3
2014-09-22,jetinfosystems,2,3,4000,23,3
2014-09-22,veeam,4,0,3000,11,3
2014-09-22,veeam,4,0,3000,11,3
2014-09-22,railsclub,14,4,3300,10,2
2014-09-22,railsclub,14,4,3300,10,2
2014-09-22,,6,2,3400,18,1
2014-09-22,,6,2,3400,18,1
2014-09-22,,6,2,3400,18,1
2014-09-22,microsoft,15,4,8900,85,0
2014-09-22,microsoft,15,4,8900,85,0
2014-09-22,microsoft,16,4,8100,84,0
2014-09-22,microsoft,16,4,8100,84,0
2014-09-22,twins,13,0,1300,9,0
2014-09-22,twins,13,0,1300,9,0
2014-09-23,JetBrains,58,3,46800,143,147
2014-09-23,JetBrains,58,3,46800,143,147
2014-09-23,,73,13,58400,275,123
2014-09-23,,73,13,58400,275,123
2014-09-23,,65,4,85200,250,104
2014-09-23,,104,2,94200,606,103
2014-09-23,,51,3,72000,466,73
2014-09-23,,51,3,72000,466,73
2014-09-23,,31,5,24100,185,65
2014-09-23,,31,5,24100,185,65
2014-09-23,,31,2,9900,139,57
2014-09-23,,31,2,9900,139,57
2014-09-23,,31,2,9900,139,57
2014-09-23,metrotek,46,0,18400,155,54
2014-09-23,metrotek,46,0,18400,155,54
2014-09-23,,9,6,4500,109,42
2014-09-23,opera,27,6,11100,11,34
2014-09-23,,18,7,27300,189,33
2014-09-23,,18,7,27300,189,33
2014-09-23,,18,7,27300,189,33
2014-09-23,,52,9,26100,37,32
2014-09-23,,24,23,11500,61,31
2014-09-23,,24,23,11500,61,31
2014-09-23,,24,23,11500,61,31
2014-09-23,infopulse,53,7,22200,216,30
2014-09-23,infopulse,53,7,22200,216,30
2014-09-23,croc,22,2,21500,43,29
2014-09-23,croc,22,2,21500,43,29
2014-09-23,,18,5,13200,97,28
2014-09-23,,55,3,26600,91,23
2014-09-23,,55,3,26600,91,23
2014-09-23,cisco,10,4,19500,73,19
2014-09-23,cisco,10,4,19500,73,19
2014-09-23,,34,8,10000,25,19
2014-09-23,astoundcommerce,12,11,10400,62,15
2014-09-23,astoundcommerce,12,11,10400,62,15
2014-09-23,,13,4,34600,72,14
2014-09-23,,41,4,19300,440,12
2014-09-23,,41,4,19300,440,12
2014-09-23,,27,1,29200,237,12
2014-09-23,,27,1,29200,237,12
2014-09-23,,27,1,29200,237,12
2014-09-23,,49,2,38200,307,11
2014-09-23,,49,2,38200,307,11
2014-09-23,,18,0,16200,149,10
2014-09-23,,10,5,7500,71,10
2014-09-23,,10,5,7500,71,10
2014-09-23,,10,5,7500,71,10
2014-09-23,airbnb,23,7,11400,48,10
2014-09-23,mailru,60,2,32700,192,9
2014-09-23,mailru,60,2,32700,192,9
2014-09-23,,13,1,8000,59,9
2014-09-23,,13,1,8000,59,9
2014-09-23,,28,2,51200,295,8
2014-09-23,ibm,11,1,8500,27,6
2014-09-23,railsclub,4,3,2400,2,5
2014-09-23,railsclub,4,3,2400,2,5
2014-09-23,,50,0,16700,215,4
2014-09-23,paysto,16,1,9000,132,4
2014-09-23,advertone_ru,15,5,7000,32,4
2014-09-23,,25,7,10800,95,3
2014-09-23,,25,7,10800,95,3
2014-09-23,,25,7,10800,95,3
2014-09-23,,6,3,6900,91,3
2014-09-23,,6,3,6900,91,3
2014-09-23,,4,1,5600,23,2
2014-09-23,altweb,11,1,3100,50,0
2014-09-23,ua-hosting,14,2,6900,16,0
2014-09-24,yandex,138,6,54900,215,123
2014-09-24,yandex,138,6,54900,215,123
2014-09-24,,95,7,148000,327,106
2014-09-24,,43,11,41800,231,90
2014-09-24,,43,11,41800,231,90
2014-09-24,,83,9,55300,53,84
2014-09-24,,83,9,55300,53,84
2014-09-24,poiskvps,86,14,118000,744,68
2014-09-24,,77,1,48900,117,64
2014-09-24,,77,1,48900,117,64
2014-09-24,,77,1,48900,117,64
2014-09-24,eset,59,9,54200,29,56
2014-09-24,,69,5,57400,112,53
2014-09-24,,16,0,9800,34,51
2014-09-24,,23,15,11600,194,39
2014-09-24,,23,15,11600,194,39
2014-09-24,,71,12,61600,277,38
2014-09-24,,71,12,61600,277,38
2014-09-24,,71,12,61600,277,38
2014-09-24,web_payment_ru,39,4,25400,67,31
2014-09-24,stars_s,16,7,7900,31,30
2014-09-24,stars_s,16,7,7900,31,30
2014-09-24,,29,0,10700,105,27
2014-09-24,,29,0,10700,105,27
2014-09-24,,27,4,19900,107,23
2014-09-24,enterra,51,4,43100,533,22
2014-09-24,enterra,51,4,43100,533,22
2014-09-24,pt,33,6,44100,204,19
2014-09-24,pt,33,6,44100,204,19
2014-09-24,,10,0,16800,146,19
2014-09-24,,88,4,119000,969,18
2014-09-24,,88,4,119000,969,18
2014-09-24,,47,18,19800,491,14
2014-09-24,,47,18,19800,491,14
2014-09-24,,47,18,19800,491,14
2014-09-24,,26,0,25900,79,11
2014-09-24,,26,0,25900,79,11
2014-09-24,acronis,4,0,3500,14,10
2014-09-24,acronis,4,0,3500,14,10
2014-09-24,smartgadget,3,12,10800,6,9
2014-09-24,,13,3,5300,72,7
2014-09-24,,13,3,5300,72,7
2014-09-24,,5,1,4100,40,7
2014-09-24,docsvision,3,0,5500,14,7
2014-09-24,,36,2,10800,188,6
2014-09-24,,36,2,10800,188,6
2014-09-24,,36,2,10800,188,6
2014-09-24,vcstart,16,17,6200,21,6
2014-09-24,ua-hosting,19,3,12300,57,4
2014-09-24,eastbanctech,4,7,5500,19,2
2014-09-24,eastbanctech,4,7,5500,19,2
2014-09-24,mailru,36,2,4200,11,2
2014-09-24,mailru,36,2,4200,11,2
2014-09-24,dreamindustries,5,2,1300,4,1
2014-09-24,mkechinov,18,2,5600,28,0
2014-09-24,,3,1,2500,11,0
2014-09-24,,3,1,2500,11,0
2014-09-24,,3,1,2500,11,0
2014-09-24,wargaming,14,1,2800,4,0
2014-09-25,tm,145,11,39300,83,227
2014-09-25,webzilla,129,3,85200,260,86
2014-09-25,,14,17,18600,88,59
2014-09-25,,14,17,18600,88,59
2014-09-25,,14,17,18600,88,59
2014-09-25,,57,5,12500,30,56
2014-09-25,parallels,32,4,23700,190,55
2014-09-25,parallels,32,4,23700,190,55
2014-09-25,infopulse,50,5,19600,117,50
2014-09-25,infopulse,50,5,19600,117,50
2014-09-25,,75,2,41600,256,46
2014-09-25,,43,5,16400,26,41
2014-09-25,audiomania,18,2,14600,53,36
2014-09-25,,31,14,15100,51,34
2014-09-25,,26,8,12400,83,31
2014-09-25,,26,8,12400,83,31
2014-09-25,,26,8,12400,83,31
2014-09-25,ua-hosting,39,21,27900,74,31
2014-09-25,,21,6,9100,220,28
2014-09-25,,21,6,9100,220,28
2014-09-25,,20,1,15000,136,28
2014-09-25,,20,1,15000,136,28
2014-09-25,,20,1,15000,136,28
2014-09-25,,36,13,18000,76,27
2014-09-25,,34,18,19800,142,26
2014-09-25,,34,18,19800,142,26
2014-09-25,pt,40,20,31000,96,24
2014-09-25,,16,2,6100,77,22
2014-09-25,haulmont,4,1,15100,48,22
2014-09-25,,15,2,9400,68,20
2014-09-25,abbyy,61,2,26000,100,17
2014-09-25,abbyy,61,2,26000,100,17
2014-09-25,badoo,55,5,20800,286,16
2014-09-25,itinvest,15,8,13000,63,13
2014-09-25,,33,4,11200,110,12
2014-09-25,,33,4,11200,110,12
2014-09-25,,33,4,11200,110,12
2014-09-25,,8,0,10000,75,12
2014-09-25,1cloud,11,5,11300,62,11
2014-09-25,1cloud,11,5,11300,62,11
2014-09-25,synesis,49,1,42800,303,10
2014-09-25,,14,0,5700,44,9
2014-09-25,intel,14,4,8100,35,8
2014-09-25,intel,14,4,8100,35,8
2014-09-25,,18,1,16200,148,7
2014-09-25,,5,4,1400,17,7
2014-09-25,,5,4,1400,17,7
2014-09-25,,5,4,1400,17,7
2014-09-25,,14,4,1600,32,6
2014-09-25,,51,6,35300,434,5
2014-09-25,,51,6,35300,434,5
2014-09-25,,51,6,35300,434,5
2014-09-25,wolfram,42,2,13700,96,5
2014-09-25,wolfram,42,2,13700,96,5
2014-09-25,,27,2,9100,73,5
2014-09-25,,27,2,9100,73,5
2014-09-25,,10,1,4700,61,5
2014-09-25,,10,1,4700,61,5
2014-09-25,,10,1,4700,61,5
2014-09-25,mailru,25,4,7500,15,5
2014-09-25,itarena,7,4,18700,83,4
2014-09-25,itarena,7,4,18700,83,4
2014-09-25,,15,1,4500,25,3
2014-09-25,,10,4,29800,75,2
2014-09-25,,10,4,29800,75,2
2014-09-25,,10,4,29800,75,2
2014-09-25,kamagames,3,8,1800,9,2
2014-09-25,kamagames,3,8,1800,9,2
2014-09-25,intel,14,0,5300,53,1
2014-09-25,intel,14,0,5300,53,1
2014-09-25,lpcloud,6,2,3300,45,0
2014-09-25,,1,0,3900,20,0
2014-09-25,,1,0,3900,20,0
2014-09-25,infobox,4,1,2700,11,0
2014-09-26,,196,5,216000,466,133
2014-09-26,,196,5,216000,466,133
2014-09-26,,94,11,25500,156,83
2014-09-26,,86,8,47900,52,82
2014-09-26,,114,4,21500,356,55
2014-09-26,,114,4,21500,356,55
2014-09-26,,71,1,46300,504,52
2014-09-26,,71,1,46300,504,52
2014-09-26,,71,1,46300,504,52
2014-09-26,,36,7,17900,26,50
2014-09-26,,20,20,16400,7,47
2014-09-26,,24,18,26800,148,41
2014-09-26,,24,18,26800,148,41
2014-09-26,besmart,10,39,6400,52,41
2014-09-26,besmart,10,39,6400,52,41
2014-09-26,,77,14,45200,246,38
2014-09-26,,77,14,45200,246,38
2014-09-26,,42,5,14600,95,28
2014-09-26,,42,5,14600,95,28
2014-09-26,,42,5,14600,95,28
2014-09-26,microsoft,44,6,41300,401,25
2014-09-26,microsoft,44,6,41300,401,25
2014-09-26,,26,6,6800,110,25
2014-09-26,,29,1,13400,131,24
2014-09-26,,29,1,13400,131,24
2014-09-26,,29,1,13400,131,24
2014-09-26,,23,34,8900,35,22
2014-09-26,,23,34,8900,35,22
2014-09-26,yota,9,11,20900,20,22
2014-09-26,eset,37,2,20500,65,17
2014-09-26,,18,4,8300,120,14
2014-09-26,paysto,14,1,9100,112,12
2014-09-26,,9,0,13200,115,10
2014-09-26,,9,0,13200,115,10
2014-09-26,airbnb,21,4,8600,54,9
2014-09-26,altweb,4,8,2600,39,8
2014-09-26,microsoft,26,3,9100,21,7
2014-09-26,,15,0,7000,82,6
2014-09-26,,15,0,7000,82,6
2014-09-26,,4,1,3800,46,6
2014-09-26,,4,1,3800,46,6
2014-09-26,,4,1,3800,46,6
2014-09-26,pvs-studio,10,2,4300,19,4
2014-09-26,pvs-studio,10,2,4300,19,4
2014-09-26,payture,4,2,10000,31,2
2014-09-26,payture,4,2,10000,31,2
2014-09-26,,4,4,898,18,2
2014-09-26,microsoft,21,5,5200,20,1
2014-09-26,microsoft,21,5,5200,20,1
2014-09-26,microsoft,13,2,3200,11,1
2014-09-26,,6,1,3400,41,0
2014-09-26,ibm,15,2,4400,19,0
2014-09-26,,5,3,3300,18,0
2014-09-26,,5,3,3300,18,0
2014-09-26,,5,3,3300,18,0
2014-09-27,,32,2,26800,41,60
2014-09-27,,89,25,88900,219,54
2014-09-27,,89,25,88900,219,54
2014-09-27,,33,4,20700,127,43
2014-09-27,,71,8,56400,405,29
2014-09-27,,71,8,56400,405,29
2014-09-27,,71,8,56400,405,29
2014-09-27,,22,3,19700,172,16
2014-09-27,,22,3,19700,172,16
2014-09-27,,22,4,15200,154,15
2014-09-27,,22,4,15200,154,15
2014-09-27,,58,2,23100,221,11
2014-09-27,,58,2,23100,221,11
2014-09-27,,58,2,23100,221,11
2014-09-27,,10,6,7000,24,4
2014-09-27,,10,6,7000,24,4
2014-09-27,,10,6,7000,24,4
2014-09-27,ibm,5,2,6000,26,2
2014-09-27,,2,5,973,10,0
2014-09-28,,49,7,27400,150,78
2014-09-28,,152,8,99600,181,66
2014-09-28,,173,4,69300,389,63
2014-09-28,,173,4,69300,389,63
2014-09-28,,173,4,69300,389,63
2014-09-28,,72,5,40200,398,60
2014-09-28,,72,5,40200,398,60
2014-09-28,,72,5,40200,398,60
2014-09-28,,51,18,182000,783,52
2014-09-28,,51,18,182000,783,52
2014-09-28,,23,3,28400,59,33
2014-09-28,,23,3,28400,59,33
2014-09-28,ua-hosting,41,13,29000,30,31
2014-09-28,,67,6,49400,565,21
2014-09-28,,67,6,49400,565,21
2014-09-28,,67,6,49400,565,21
2014-09-28,ua-hosting,25,3,22500,48,21
2014-09-28,ua-hosting,25,3,22500,48,21
2014-09-28,yandex,55,2,14900,146,13
2014-09-28,yandex,55,2,14900,146,13
2014-09-28,,14,3,7400,101,9
2014-09-28,,16,6,13900,83,7
2014-09-28,,16,6,13900,83,7
2014-09-28,,16,6,13900,83,7
2014-09-28,zfort,47,4,34000,265,4
2014-09-28,zfort,47,4,34000,265,4
2014-09-28,paysto,18,3,9000,139,4
2014-09-28,,15,8,10300,73,3
2014-09-28,,41,6,10700,38,3
2014-09-28,,41,6,10700,38,3
2014-09-28,,41,6,10700,38,3
2014-09-28,,24,1,10000,144,2
2014-09-28,,24,1,10000,144,2
2014-09-28,,24,1,10000,144,2
2014-09-29,,27,3,24600,199,185
2014-09-29,,27,3,24600,199,185
2014-09-29,,27,3,24600,199,185
2014-09-29,,43,16,47400,307,102
2014-09-29,mailru,96,10,107000,394,93
2014-09-29,,57,9,41500,154,92
2014-09-29,,57,9,41500,154,92
2014-09-29,,19,15,10200,32,87
2014-09-29,,71,1,51200,335,74
2014-09-29,,71,1,51200,335,74
2014-09-29,,173,6,85500,139,71
2014-09-29,,173,6,85500,139,71
2014-09-29,,85,13,52700,257,60
2014-09-29,,53,5,62900,303,43
2014-09-29,ivi,42,2,13900,134,41
2014-09-29,ivi,42,2,13900,134,41
2014-09-29,etegro,48,1,45400,94,40
2014-09-29,,100,3,71300,439,38
2014-09-29,notissimus,10,8,8900,46,38
2014-09-29,,48,21,31000,239,34
2014-09-29,,48,21,31000,239,34
2014-09-29,plarium,29,8,18000,199,32
2014-09-29,plarium,29,8,18000,199,32
2014-09-29,,20,2,6500,79,32
2014-09-29,,21,1,18400,285,29
2014-09-29,,21,1,18400,285,29
2014-09-29,,38,9,13300,44,29
2014-09-29,,38,9,13300,44,29
2014-09-29,pvs-studio,40,7,21000,34,28
2014-09-29,pvs-studio,40,7,21000,34,28
2014-09-29,,31,15,20800,200,27
2014-09-29,,31,15,20800,200,27
2014-09-29,,37,3,27100,267,26
2014-09-29,,37,3,27100,267,26
2014-09-29,microsoft,37,8,15400,73,25
2014-09-29,,46,6,16800,71,22
2014-09-29,,46,6,16800,71,22
2014-09-29,,28,9,34800,372,21
2014-09-29,,28,9,34800,372,21
2014-09-29,,28,9,34800,372,21
2014-09-29,,35,4,23600,171,19
2014-09-29,,35,4,23600,171,19
2014-09-29,,35,4,23600,171,19
2014-09-29,,43,10,23400,106,19
2014-09-29,,23,7,19900,186,17
2014-09-29,,23,7,19900,186,17
2014-09-29,,45,6,94800,579,14
2014-09-29,it,14,1,13100,201,12
2014-09-29,it,14,1,13100,201,12
2014-09-29,,5,13,5200,28,11
2014-09-29,,20,2,12800,123,10
2014-09-29,,20,2,12800,123,10
2014-09-29,yandex,51,8,27200,122,10
2014-09-29,ua-hosting,26,12,19900,113,10
2014-09-29,ua-hosting,15,2,9000,40,8
2014-09-29,ua-hosting,15,2,9000,40,8
2014-09-29,,9,2,7500,66,7
2014-09-29,,15,11,6100,61,7
2014-09-29,intel,11,2,4300,41,7
2014-09-29,intel,11,2,4300,41,7
2014-09-29,,12,13,2700,29,7
2014-09-29,,12,13,2700,29,7
2014-09-29,,12,13,2700,29,7
2014-09-29,,20,1,18300,156,6
2014-09-29,,20,1,18300,156,6
2014-09-29,,9,0,8100,82,6
2014-09-29,,9,0,8100,82,6
2014-09-29,,43,0,11000,56,6
2014-09-29,piter,11,8,12200,59,5
2014-09-29,piter,11,8,12200,59,5
2014-09-29,,15,2,12500,46,5
2014-09-29,,15,2,12500,46,5
2014-09-29,gttf,20,1,14700,29,4
2014-09-29,gttf,20,1,14700,29,4
2014-09-29,readyscript,6,5,2400,20,4
2014-09-29,,4,2,1500,18,4
2014-09-29,,4,2,1500,18,4
2014-09-29,,23,2,9000,89,3
2014-09-29,,23,2,9000,89,3
2014-09-29,cybersafe,6,6,4400,40,2
2014-09-29,cybersafe,6,6,4400,40,2
2014-09-29,microsoft,20,8,5400,16,1
2014-09-29,microsoft,20,8,5400,16,1
2014-09-29,,7,0,5400,97,0
2014-09-29,,7,0,5400,97,0
2014-09-29,,7,0,5400,97,0
2014-09-29,,13,1,4800,53,0
2014-09-29,,13,1,4800,53,0
2014-09-29,veeam,2,1,1400,13,0
2014-09-29,veeam,2,1,1400,13,0
2014-09-30,,52,8,35800,237,98
2014-09-30,,52,8,35800,237,98
2014-09-30,,52,8,35800,237,98
2014-09-30,,59,5,11800,318,64
2014-09-30,mailru,60,12,24900,190,64
2014-09-30,,13,62,4100,8,53
2014-09-30,,13,62,4100,8,53
2014-09-30,,71,0,20100,204,47
2014-09-30,,71,0,20100,204,47
2014-09-30,,57,2,160000,269,42
2014-09-30,,57,2,160000,269,42
2014-09-30,,32,4,16400,27,42
2014-09-30,,32,4,16400,27,42
2014-09-30,,51,19,17200,70,37
2014-09-30,,60,4,48800,71,36
2014-09-30,,60,4,48800,71,36
2014-09-30,,16,5,10800,52,36
2014-09-30,dsec,25,3,10700,41,33
2014-09-30,,169,0,109000,365,32
2014-09-30,,169,0,109000,365,32
2014-09-30,gttf,37,4,20400,36,32
2014-09-30,gttf,37,4,20400,36,32
2014-09-30,,17,20,8400,22,28
2014-09-30,,8,13,5800,24,22
2014-09-30,payler,10,2,7300,71,20
2014-09-30,payler,10,2,7300,71,20
2014-09-30,,6,3,17700,74,18
2014-09-30,,6,3,17700,74,18
2014-09-30,,6,3,17700,74,18
2014-09-30,,33,3,25000,92,16
2014-09-30,,17,13,6600,70,12
2014-09-30,,17,13,6600,70,12
2014-09-30,,17,13,6600,70,12
2014-09-30,,11,7,31300,44,11
2014-09-30,smartgadget,7,14,23700,17,11
2014-09-30,eset,24,2,8600,12,11
2014-09-30,,25,15,13800,86,9
2014-09-30,,25,15,13800,86,9
2014-09-30,ua-hosting,9,4,11100,64,8
2014-09-30,ua-hosting,9,4,11100,64,8
2014-09-30,audiomania,10,0,4300,14,8
2014-09-30,ua-hosting,10,0,6000,25,7
2014-09-30,wolfram,58,3,28200,257,6
2014-09-30,wolfram,58,3,28200,257,6
2014-09-30,,32,1,15900,206,5
2014-09-30,,32,1,15900,206,5
2014-09-30,,32,1,15900,206,5
2014-09-30,sqalab,18,3,7500,59,5
2014-09-30,sqalab,18,3,7500,59,5
2014-09-30,,5,2,5200,20,5
2014-09-30,,5,2,5200,20,5
2014-09-30,,5,2,5200,20,5
2014-09-30,,11,1,6100,64,4
2014-09-30,,11,1,6100,64,4
2014-09-30,mailru,26,6,2600,7,4
2014-09-30,ua-hosting,6,2,4300,21,3
2014-09-30,,31,0,8000,160,2
2014-09-30,,31,0,8000,160,2
2014-09-30,,31,0,8000,160,2
2014-09-30,,25,2,5000,21,1
2014-09-30,microsoft,14,6,3000,4,1
2014-09-30,microsoft,13,6,13300,79,0
2014-09-30,microsoft,13,6,13300,79,0
2014-09-30,piter,11,3,8500,48,0
2014-09-30,piter,11,3,8500,48,0
2014-09-30,smestanamesto,2,0,6200,29,0
2014-09-30,qiwi_universe,5,1,3000,17,0
2014-09-30,e-Legion,20,4,2700,17,0
2014-09-30,e-Legion,20,4,2700,17,0
2014-09-30,npo-comp,5,6,2600,15,0
2014-09-30,npo-comp,5,6,2600,15,0
2014-09-30,dataline,2,0,3400,9,0
2014-09-30,dataline,2,0,3400,9,0
2014-09-30,microsoft,10,4,3000,6,0
2014-09-30,microsoft,10,4,3000,6,0
2014-09-30,fabbers,2,1,741,3,0
